<?xml version="1.0" encoding="UTF-8" standalone="no"?>
<ScratchFile FileVersion="3.0">
  <FileVersion>3.0</FileVersion>
  <Workspace>
    <WorkspaceType>Single-project</WorkspaceType>
    <WorkspacePath>C:\Users\invas\OneDrive\Desktop\Prac2\</WorkspacePath>
    <underRoot>false</underRoot>
    <TrustZone>0</TrustZone>
    <HAL_Driver>C:\Users\invas\STM32Cube\Repository\STM32Cube_FW_F0_V1.11.4</HAL_Driver>
    <CMSIS>Drivers/CMSIS</CMSIS>
    <Toolchain>STM32CubeIDE</Toolchain>
    <IocFile>Prac2.ioc</IocFile>
    <Project>
              
      <ProjectName>Prac2</ProjectName>
           
      <ProjectNature>CPP</ProjectNature>
       
      <Secure/>
            
      <filestoremove>                           </filestoremove>
          
      <configs>
        <config>
              
          <name>Prac2</name>
          	 
          <mainSourceRepo>Core</mainSourceRepo>
             
          <sourceStructure>Advanced</sourceStructure>
           
          <device>STM32F051C6Tx</device>
          		     
          <cpucore>Arm Cortex-M0</cpucore>
                  
          <fpu>None</fpu>
                
          <memories>
                       
            <memory access="xrw" name="RAM" size="8192" start="0x20000000"/>
                    
            <memory access="rx" name="FLASH" size="32768" start="0x8000000"/>
                
          </memories>
              
          <startup>C:\Users\invas\STM32Cube\Repository\STM32Cube_FW_F0_V1.11.4\Drivers\CMSIS\Device\ST\STM32F0xx\Source\Templates\gcc\startup_stm32f051x8.s</startup>
                
          <LinkSettings>
            	
            <LinkAdditionalLibs>	</LinkAdditionalLibs>
          </LinkSettings>
              
          <heapSize>0x200</heapSize>
              
          <stackSize>0x400</stackSize>
                  
          <cpuclock>8</cpuclock>
                  
          <board>custom</board>
              
          <debugprobe>swd</debugprobe>
              
          <optimization/>
              
          <Aincludes>
                    
            <include/>
                    
          </Aincludes>
              
          <Adefines>        </Adefines>
                
          <Cdefines>
                    
            <define>USE_FULL_LL_DRIVER</define>
                    
            <define>USE_HAL_DRIVER</define>
                    
            <define>STM32F051x8</define>
                    
          </Cdefines>
              
          <Ldefines>        </Ldefines>
                  
          <Cincludes>
            		        
            <include>Core\Inc</include>
                    
            <include>Drivers\STM32F0xx_HAL_Driver\Inc</include>
                    
            <include>Drivers\STM32F0xx_HAL_Driver\Inc\Legacy</include>
                    
            <include>Drivers\CMSIS\Device\ST\STM32F0xx\Include</include>
                    
            <include>Drivers\CMSIS\Include</include>
                    
          </Cincludes>
              
          <definestoremove>
                    
            <Adefines>            </Adefines>
                    
            <Cdefines>            </Cdefines>
                     
            <Ldefines>            </Ldefines>
                     
          </definestoremove>
              
          <inctoremove>
                    
            <Aincludes>
                          
              <include/>
                          
            </Aincludes>
                    
            <Cincludes>            </Cincludes>
                    
          </inctoremove>
                 
        </config>
                
      </configs>
       
      <copyAsReference>false</copyAsReference>
       
      <Groups>
            
        <group>
                  
          <name>Drivers</name>
                                       
          <group>
                        
            <name>STM32F0xx_HAL_Driver</name>
                        
            <file>
                              
              <name>Drivers\STM32F0xx_HAL_Driver\Src\stm32f0xx_ll_gpio.c</name>
                              
            </file>
                        
            <file>
                              
              <name>Drivers\STM32F0xx_HAL_Driver\Src\stm32f0xx_hal_tim.c</name>
                              
            </file>
                        
            <file>
                              
              <name>Drivers\STM32F0xx_HAL_Driver\Src\stm32f0xx_hal_tim_ex.c</name>
                              
            </file>
                        
            <file>
                              
              <name>Drivers\STM32F0xx_HAL_Driver\Src\stm32f0xx_ll_rcc.c</name>
                              
            </file>
                        
            <file>
                              
              <name>Drivers\STM32F0xx_HAL_Driver\Src\stm32f0xx_ll_utils.c</name>
                              
            </file>
                        
            <file>
                              
              <name>Drivers\STM32F0xx_HAL_Driver\Src\stm32f0xx_ll_exti.c</name>
                              
            </file>
                        
            <file>
                              
              <name>Drivers\STM32F0xx_HAL_Driver\Src\stm32f0xx_hal_rcc.c</name>
                              
            </file>
                        
            <file>
                              
              <name>Drivers\STM32F0xx_HAL_Driver\Src\stm32f0xx_hal_rcc_ex.c</name>
                              
            </file>
                        
            <file>
                              
              <name>Drivers\STM32F0xx_HAL_Driver\Src\stm32f0xx_hal.c</name>
                              
            </file>
                        
            <file>
                              
              <name>Drivers\STM32F0xx_HAL_Driver\Src\stm32f0xx_hal_i2c.c</name>
                              
            </file>
                        
            <file>
                              
              <name>Drivers\STM32F0xx_HAL_Driver\Src\stm32f0xx_hal_i2c_ex.c</name>
                              
            </file>
                        
            <file>
                              
              <name>Drivers\STM32F0xx_HAL_Driver\Src\stm32f0xx_hal_gpio.c</name>
                              
            </file>
                        
            <file>
                              
              <name>Drivers\STM32F0xx_HAL_Driver\Src\stm32f0xx_hal_dma.c</name>
                              
            </file>
                        
            <file>
                              
              <name>Drivers\STM32F0xx_HAL_Driver\Src\stm32f0xx_hal_cortex.c</name>
                              
            </file>
                        
            <file>
                              
              <name>Drivers\STM32F0xx_HAL_Driver\Src\stm32f0xx_hal_pwr.c</name>
                              
            </file>
                        
            <file>
                              
              <name>Drivers\STM32F0xx_HAL_Driver\Src\stm32f0xx_hal_pwr_ex.c</name>
                              
            </file>
                        
            <file>
                              
              <name>Drivers\STM32F0xx_HAL_Driver\Src\stm32f0xx_hal_flash.c</name>
                              
            </file>
                        
            <file>
                              
              <name>Drivers\STM32F0xx_HAL_Driver\Src\stm32f0xx_hal_flash_ex.c</name>
                              
            </file>
                        
            <file>
                              
              <name>Drivers\STM32F0xx_HAL_Driver\Src\stm32f0xx_hal_exti.c</name>
                              
            </file>
                        
          </group>
                  
          <group>
                        
            <name>CMSIS</name>
                            
            <file>
                                          
              <name>Core/Src/system_stm32f0xx.c</name>
                                          
            </file>
                                    
          </group>
                  
        </group>
               
        <group>
                  
          <name>Application</name>
                  
          <group>
                        
            <name>User</name>
                              
            <group>
                              
              <name>Core</name>
                                
              <file>
                                    
                <name>Core\Src\main.c</name>
                                    
              </file>
                              
              <file>
                                    
                <name>Core\Src\stm32f0xx_it.c</name>
                                    
              </file>
                              
              <file>
                                    
                <name>Core\Src\stm32f0xx_hal_msp.c</name>
                                    
              </file>
                              
            </group>
                                          
          </group>
                   
        </group>
                
      </Groups>
    </Project>
  </Workspace>
</ScratchFile>
